path	size_bytes	sha256	data_rows
build/corpus_info/01_acquisition.tsv	689	2c1e26cdc0e8e0c90226bf081c5bc31c23e8f3ed2a90882a109531e3ceb42f6e	20
build/file_tree/01_top_level_summary.tsv	147	43a79acbb33851e8398de2df0657d72cac39252923c061b24213461c810b944c	3
build/file_tree/02_category_distribution.tsv	498	2bdd1bc961dc435a11f0dc2adc5144d48caff8e522bfc7e4351bd7d6c1494627	13
build/file_tree/03_subcategory_distribution.tsv	3499	6ae2048ad13df9d88aa410fca9aaf6d864a5b489866d3acc651c5a36e8e24e87	71
build/hash_manifest/04_coverage.tsv	168	9dfefa8a3c92b1b8b34d1c7341eee2b85604166e40c8cac40aaeb8ef257e9def	1
build/hash_manifest/05_overlap_by_primary.tsv	158	fb806625296656acfd87b9f31abd3bc2c94294b1444a688069bfa8056894adbd	5
build/metadata/01_time_distribution.tsv	393	bbe06559648a405c5bc37769b70089fef1e852edc92258148ef84c8524fc565b	48
build/metadata/02_extension_distribution.tsv	3054	733df3009d08777669e42a452ffd091ee22ab3f659b37cf4eb7e9b0462a45f5a	148
build/reports/01_corpus_definition.md	647	bd43b0cabd2a2b697e53b8b571c6567d09ff8dbb40175dabbc190ffe2b619e4e	
